{"stats":{"minecraft:picked_up":{"minecraft:white_banner":1,"biomesoplenty:goldenrod":2,"minecraft:wheat_seeds":2,"minecraft:crossbow":5,"minecraft:mutton":1,"minecraft:white_wool":1},"minecraft:custom":{"minecraft:time_since_rest":23683,"minecraft:open_chest":2,"minecraft:crouch_one_cm":389,"minecraft:sprint_one_cm":2498,"minecraft:play_time":23683,"minecraft:walk_one_cm":30701,"minecraft:sneak_time":1001,"minecraft:mob_kills":67,"minecraft:jump":56,"minecraft:damage_dealt":15955,"minecraft:leave_game":3,"minecraft:time_since_death":23683,"minecraft:total_world_time":23683,"minecraft:fly_one_cm":288060},"minecraft:killed":{"minecraft:sheep":1,"minecraft:pillager":66},"minecraft:used":{"minecraft:dirt":6,"minecraft:milk_bucket":1,"minecraft:pillager_spawn_egg":70}},"DataVersion":3120}