{"stats":{"minecraft:killed":{"minecraft:sheep":1,"minecraft:pillager":66},"minecraft:custom":{"minecraft:time_since_rest":55570,"minecraft:open_chest":2,"minecraft:crouch_one_cm":1363,"minecraft:sprint_one_cm":10686,"minecraft:play_time":55570,"minecraft:walk_one_cm":46983,"minecraft:sneak_time":2430,"minecraft:walk_under_water_one_cm":4209,"minecraft:mob_kills":67,"minecraft:jump":82,"minecraft:damage_dealt":15955,"minecraft:leave_game":4,"minecraft:walk_on_water_one_cm":394,"minecraft:time_since_death":55570,"minecraft:total_world_time":55570,"minecraft:swim_one_cm":1877,"minecraft:fly_one_cm":560890},"minecraft:used":{"minecraft:oak_log":3,"dynamictrees:staff":1,"minecraft:dirt":6,"minecraft:dark_oak_log":18,"minecraft:oak_sapling":1,"minecraft:grass_block":1,"dynamictrees:oak_branch":3,"dynamictrees:dark_oak_seed":4,"minecraft:stone":49,"dynamictrees:oak_seed":2,"minecraft:bone_meal":12,"minecraft:pillager_spawn_egg":70,"minecraft:milk_bucket":1},"minecraft:picked_up":{"minecraft:white_banner":1,"minecraft:stick":15,"biomesoplenty:goldenrod":2,"dynamictrees:dark_oak_seed":4,"minecraft:wheat_seeds":2,"minecraft:crossbow":5,"dynamictrees:oak_seed":2,"minecraft:dark_oak_log":3,"minecraft:mutton":1,"minecraft:white_wool":1}},"DataVersion":3120}