{"stats":{"minecraft:custom":{"minecraft:open_chest":2,"minecraft:time_since_rest":8864,"minecraft:damage_dealt":15945,"minecraft:leave_game":2,"minecraft:play_time":8864,"minecraft:sprint_one_cm":2274,"minecraft:time_since_death":8864,"minecraft:walk_one_cm":24985,"minecraft:sneak_time":77,"minecraft:total_world_time":8864,"minecraft:mob_kills":67,"minecraft:fly_one_cm":103490,"minecraft:jump":45},"minecraft:used":{"minecraft:pillager_spawn_egg":70,"minecraft:milk_bucket":1},"minecraft:killed":{"minecraft:sheep":1,"minecraft:pillager":66},"minecraft:picked_up":{"minecraft:white_banner":1,"minecraft:crossbow":5,"minecraft:mutton":1,"minecraft:white_wool":1}},"DataVersion":3120}